treatment,replicate,step,creature_x,creature_y,score
greedy,0,0,10,10,1000
greedy,0,1,10,10,1045
greedy,0,2,11,10,1085
greedy,0,3,11,10,1080
greedy,0,4,11,10,1075
greedy,0,5,10,10,1065
greedy,0,6,10,10,1060
greedy,0,7,10,11,1100
greedy,0,8,10,12,1090
greedy,0,9,10,13,1180
greedy,0,10,10,14,1170
greedy,0,11,10,14,1165
greedy,0,12,11,14,1255
greedy,0,13,11,14,1250
greedy,0,14,11,13,1240
greedy,0,15,11,12,1280
greedy,0,16,11,12,1275
greedy,0,17,11,12,1270
greedy,0,18,11,13,1260
greedy,0,19,11,14,1250
greedy,0,20,11,15,1240
greedy,0,21,11,15,1235
greedy,0,22,12,15,1275
greedy,0,23,13,15,1315
greedy,0,24,14,15,1355
greedy,0,25,14,15,1350
greedy,0,26,14,14,1390
greedy,0,27,14,13,1480
greedy,0,28,14,12,1520
greedy,0,29,14,11,1510
greedy,0,30,14,10,1600
greedy,1,0,10,10,1000
greedy,1,1,10,10,1045
greedy,1,2,9,10,1135
greedy,1,3,9,10,1130
greedy,1,4,9,9,1220
greedy,1,5,9,8,1210
greedy,1,6,9,7,1300
greedy,1,7,9,7,1295
greedy,1,8,10,7,1335
greedy,1,9,10,7,1330
greedy,1,10,10,8,1420
greedy,1,11,10,8,1415
greedy,1,12,11,8,1505
greedy,1,13,12,8,1545
greedy,1,14,13,8,1535
greedy,1,15,13,8,1530
greedy,1,16,13,9,1570
greedy,1,17,13,10,1560
greedy,1,18,13,10,1555
greedy,1,19,12,10,1645
greedy,1,20,11,10,1685
greedy,1,21,10,10,1675
greedy,1,22,9,10,1665
greedy,1,23,8,10,1655
greedy,1,24,7,10,1645
greedy,1,25,6,10,1735
greedy,1,26,6,10,1730
greedy,1,27,6,9,1770
greedy,1,28,6,8,1810
greedy,1,29,6,7,1800
greedy,1,30,6,6,1790
greedy,2,0,10,10,1000
greedy,2,1,10,10,1095
greedy,2,2,11,10,1135
greedy,2,3,12,10,1175
greedy,2,4,13,10,1165
greedy,2,5,13,10,1160
greedy,2,6,13,11,1200
greedy,2,7,13,12,1190
greedy,2,8,13,13,1180
greedy,2,9,13,14,1220
greedy,2,10,13,15,1310
greedy,2,11,13,16,1350
greedy,2,12,13,17,1390
greedy,2,13,13,18,1380
greedy,2,14,13,19,1420
greedy,2,15,13,19,1415
greedy,2,16,12,19,1505
greedy,2,17,11,19,1595
greedy,2,18,11,19,1590
greedy,2,19,11,20,1630
greedy,2,20,11,20,1625
greedy,2,21,10,20,1715
greedy,2,22,10,20,1710
greedy,2,23,10,19,1700
greedy,2,24,10,18,1690
greedy,2,25,10,18,1685
greedy,2,26,9,18,1725
greedy,2,27,8,18,1815
greedy,2,28,8,18,1810
greedy,2,29,8,18,1805
greedy,2,30,9,18,1795
greedy,3,0,10,10,1000
greedy,3,1,10,9,1040
greedy,3,2,10,9,1035
greedy,3,3,11,9,1025
greedy,3,4,11,9,1020
greedy,3,5,11,8,1060
greedy,3,6,11,7,1100
greedy,3,7,11,6,1190
greedy,3,8,11,6,1185
greedy,3,9,11,6,1180
greedy,3,10,11,7,1170
greedy,3,11,11,8,1160
greedy,3,12,11,8,1155
greedy,3,13,12,8,1195
greedy,3,14,13,8,1235
greedy,3,15,13,8,1230
greedy,3,16,13,7,1270
greedy,3,17,13,6,1260
greedy,3,18,13,6,1255
greedy,3,19,14,6,1345
greedy,3,20,14,6,1340
greedy,3,21,14,5,1430
greedy,3,22,14,4,1470
greedy,3,23,14,4,1465
greedy,3,24,14,4,1460
greedy,3,25,14,5,1450
greedy,3,26,14,6,1440
greedy,3,27,14,7,1430
greedy,3,28,14,8,1420
greedy,3,29,14,9,1460
greedy,3,30,14,10,1500
greedy,4,0,10,10,1000
greedy,4,1,10,10,995
greedy,4,2,10,10,990
greedy,4,3,10,11,1080
greedy,4,4,10,12,1120
greedy,4,5,10,12,1115
greedy,4,6,9,12,1155
greedy,4,7,9,12,1150
greedy,4,8,9,13,1240
greedy,4,9,9,13,1235
greedy,4,10,8,13,1275
greedy,4,11,8,13,1270
greedy,4,12,8,14,1310
greedy,4,13,8,15,1400
greedy,4,14,8,16,1390
greedy,4,15,8,16,1385
greedy,4,16,7,16,1375
greedy,4,17,7,16,1370
greedy,4,18,7,17,1460
greedy,4,19,7,17,1455
greedy,4,20,6,17,1445
greedy,4,21,5,17,1485
greedy,4,22,5,17,1480
greedy,4,23,5,16,1570
greedy,4,24,5,15,1560
greedy,4,25,5,14,1650
greedy,4,26,5,13,1640
greedy,4,27,5,13,1635
greedy,4,28,4,13,1725
greedy,4,29,4,13,1720
greedy,4,30,4,12,1760
greedy,5,0,10,10,1000
greedy,5,1,10,9,1140
greedy,5,2,10,9,1135
greedy,5,3,9,9,1175
greedy,5,4,8,9,1265
greedy,5,5,7,9,1305
greedy,5,6,6,9,1295
greedy,5,7,5,9,1385
greedy,5,8,5,9,1380
greedy,5,9,5,8,1470
greedy,5,10,5,7,1510
greedy,5,11,5,7,1505
greedy,5,12,4,7,1595
greedy,5,13,4,7,1590
greedy,5,14,4,6,1630
greedy,5,15,4,6,1625
greedy,5,16,5,6,1665
greedy,5,17,5,6,1660
greedy,5,18,5,5,1650
greedy,5,19,5,5,1645
greedy,5,20,6,5,1735
greedy,5,21,6,5,1730
greedy,5,22,6,4,1820
greedy,5,23,6,4,1815
greedy,5,24,7,4,1855
greedy,5,25,8,4,1845
greedy,5,26,8,4,1840
greedy,5,27,8,3,1830
greedy,5,28,8,3,1825
greedy,5,29,9,3,1815
greedy,5,30,9,3,1810
greedy,6,0,10,10,1000
greedy,6,1,10,9,1190
greedy,6,2,10,8,1180
greedy,6,3,10,7,1170
greedy,6,4,10,6,1260
greedy,6,5,10,6,1255
greedy,6,6,11,6,1295
greedy,6,7,12,6,1385
greedy,6,8,13,6,1425
greedy,6,9,13,6,1420
greedy,6,10,13,7,1410
greedy,6,11,13,8,1400
greedy,6,12,13,9,1440
greedy,6,13,13,9,1435
greedy,6,14,14,9,1475
greedy,6,15,14,9,1470
greedy,6,16,14,8,1510
greedy,6,17,14,7,1500
greedy,6,18,14,7,1495
greedy,6,19,15,7,1585
greedy,6,20,15,7,1580
greedy,6,21,15,6,1620
greedy,6,22,15,5,1610
greedy,6,23,15,5,1605
greedy,6,24,16,5,1645
greedy,6,25,17,5,1735
greedy,6,26,18,5,1725
greedy,6,27,18,5,1720
greedy,6,28,18,6,1760
greedy,6,29,18,6,1755
greedy,6,30,17,6,1745
greedy,7,0,10,10,1000
greedy,7,1,10,9,1140
greedy,7,2,10,8,1180
greedy,7,3,10,7,1220
greedy,7,4,10,7,1215
greedy,7,5,9,7,1305
greedy,7,6,9,7,1300
greedy,7,7,9,8,1340
greedy,7,8,9,8,1335
greedy,7,9,9,8,1330
greedy,7,10,9,7,1320
greedy,7,11,9,6,1310
greedy,7,12,9,5,1300
greedy,7,13,9,4,1290
greedy,7,14,9,3,1380
greedy,7,15,9,2,1420
greedy,7,16,9,2,1415
greedy,7,17,8,2,1455
greedy,7,18,7,2,1495
greedy,7,19,7,2,1490
greedy,7,20,7,3,1530
greedy,7,21,7,3,1525
greedy,7,22,6,3,1615
greedy,7,23,5,3,1705
greedy,7,24,4,3,1695
greedy,7,25,3,3,1685
greedy,7,26,3,3,1680
greedy,7,27,3,4,1770
greedy,7,28,3,4,1765
greedy,7,29,3,4,1760
greedy,7,30,3,3,1750
greedy,8,0,10,10,1000
greedy,8,1,10,9,990
greedy,8,2,10,9,985
greedy,8,3,9,9,1075
greedy,8,4,8,9,1165
greedy,8,5,8,9,1160
greedy,8,6,8,10,1200
greedy,8,7,8,10,1195
greedy,8,8,7,10,1235
greedy,8,9,6,10,1225
greedy,8,10,6,10,1220
greedy,8,11,6,9,1260
greedy,8,12,6,8,1300
greedy,8,13,6,7,1340
greedy,8,14,6,6,1380
greedy,8,15,6,5,1420
greedy,8,16,6,4,1410
greedy,8,17,6,3,1400
greedy,8,18,6,3,1395
greedy,8,19,5,3,1485
greedy,8,20,5,3,1480
greedy,8,21,5,3,1475
greedy,8,22,6,3,1465
greedy,8,23,6,3,1460
greedy,8,24,6,2,1500
greedy,8,25,6,2,1495
greedy,8,26,7,2,1585
greedy,8,27,7,2,1580
greedy,8,28,7,1,1620
greedy,8,29,7,1,1615
greedy,8,30,6,1,1655
greedy,9,0,10,10,1000
greedy,9,1,10,9,1040
greedy,9,2,10,9,1035
greedy,9,3,11,9,1025
greedy,9,4,12,9,1115
greedy,9,5,12,9,1110
greedy,9,6,12,10,1150
greedy,9,7,12,11,1140
greedy,9,8,12,11,1135
greedy,9,9,11,11,1225
greedy,9,10,10,11,1215
greedy,9,11,10,11,1210
greedy,9,12,10,10,1200
greedy,9,13,10,9,1190
greedy,9,14,10,9,1185
greedy,9,15,11,9,1175
greedy,9,16,11,9,1170
greedy,9,17,11,8,1260
greedy,9,18,11,7,1300
greedy,9,19,11,7,1295
greedy,9,20,12,7,1335
greedy,9,21,13,7,1325
greedy,9,22,13,7,1320
greedy,9,23,13,8,1360
greedy,9,24,13,8,1355
greedy,9,25,14,8,1445
greedy,9,26,15,8,1435
greedy,9,27,16,8,1525
greedy,9,28,17,8,1515
greedy,9,29,18,8,1505
greedy,9,30,19,8,1495
greedy,10,0,10,10,1000
greedy,10,1,10,10,965
greedy,10,2,9,10,1005
greedy,10,3,8,10,1045
greedy,10,4,8,10,1040
greedy,10,5,8,11,1080
greedy,10,6,8,12,1120
greedy,10,7,8,13,1210
greedy,10,8,8,14,1250
greedy,10,9,8,15,1240
greedy,10,10,8,16,1230
greedy,10,11,8,16,1225
greedy,10,12,9,16,1315
greedy,10,13,10,16,1305
greedy,10,14,11,16,1345
greedy,10,15,11,16,1340
greedy,10,16,11,15,1430
greedy,10,17,11,14,1520
greedy,10,18,11,14,1515
greedy,10,19,12,14,1505
greedy,10,20,13,14,1545
greedy,10,21,13,14,1540
greedy,10,22,13,15,1630
greedy,10,23,13,15,1625
greedy,10,24,14,15,1715
greedy,10,25,14,15,1710
greedy,10,26,14,16,1750
greedy,10,27,14,17,1790
greedy,10,28,14,18,1830
greedy,10,29,14,19,1870
greedy,10,30,14,19,1865
greedy,11,0,10,10,1000
greedy,11,1,10,10,995
greedy,11,2,9,10,1085
greedy,11,3,8,10,1075
greedy,11,4,8,10,1070
greedy,11,5,8,9,1160
greedy,11,6,8,8,1150
greedy,11,7,8,7,1190
greedy,11,8,8,6,1280
greedy,11,9,8,6,1275
greedy,11,10,7,6,1365
greedy,11,11,6,6,1355
greedy,11,12,6,6,1350
greedy,11,13,6,6,1345
greedy,11,14,7,6,1335
greedy,11,15,8,6,1325
greedy,11,16,9,6,1315
greedy,11,17,10,6,1355
greedy,11,18,11,6,1345
greedy,11,19,11,6,1340
greedy,11,20,11,7,1430
greedy,11,21,11,8,1420
greedy,11,22,11,8,1415
greedy,11,23,10,8,1405
greedy,11,24,9,8,1445
greedy,11,25,8,8,1435
greedy,11,26,7,8,1425
greedy,11,27,6,8,1415
greedy,11,28,6,8,1410
greedy,11,29,6,9,1500
greedy,11,30,6,9,1495
greedy,12,0,10,10,1000
greedy,12,1,10,9,1090
greedy,12,2,10,9,1085
greedy,12,3,11,9,1125
greedy,12,4,12,9,1115
greedy,12,5,12,9,1110
greedy,12,6,12,10,1100
greedy,12,7,12,11,1090
greedy,12,8,12,11,1085
greedy,12,9,13,11,1125
greedy,12,10,14,11,1215
greedy,12,11,14,11,1210
greedy,12,12,14,12,1300
greedy,12,13,14,12,1295
greedy,12,14,14,12,1290
greedy,12,15,14,11,1280
greedy,12,16,14,10,1320
greedy,12,17,14,9,1360
greedy,12,18,14,8,1350
greedy,12,19,14,8,1345
greedy,12,20,15,8,1435
greedy,12,21,16,8,1475
greedy,12,22,16,8,1470
greedy,12,23,16,7,1560
greedy,12,24,16,7,1555
greedy,12,25,15,7,1595
greedy,12,26,14,7,1585
greedy,12,27,14,7,1580
greedy,12,28,14,6,1670
greedy,12,29,14,5,1760
greedy,12,30,14,4,1750
greedy,13,0,10,10,1000
greedy,13,1,10,10,1045
greedy,13,2,9,10,1135
greedy,13,3,8,10,1175
greedy,13,4,7,10,1165
greedy,13,5,6,10,1205
greedy,13,6,6,10,1200
greedy,13,7,6,11,1240
greedy,13,8,6,12,1230
greedy,13,9,6,13,1270
greedy,13,10,6,14,1310
greedy,13,11,6,14,1305
greedy,13,12,7,14,1345
greedy,13,13,8,14,1335
greedy,13,14,8,14,1330
greedy,13,15,8,15,1370
greedy,13,16,8,16,1360
greedy,13,17,8,16,1355
greedy,13,18,7,16,1345
greedy,13,19,7,16,1340
greedy,13,20,7,17,1380
greedy,13,21,7,17,1375
greedy,13,22,6,17,1365
greedy,13,23,5,17,1405
greedy,13,24,4,17,1395
greedy,13,25,3,17,1385
greedy,13,26,2,17,1425
greedy,13,27,2,17,1420
greedy,13,28,2,18,1460
greedy,13,29,2,19,1450
greedy,13,30,2,19,1445
greedy,14,0,10,10,1000
greedy,14,1,10,10,995
greedy,14,2,11,10,1085
greedy,14,3,12,10,1075
greedy,14,4,12,10,1070
greedy,14,5,12,9,1160
greedy,14,6,12,8,1200
greedy,14,7,12,8,1195
greedy,14,8,13,8,1285
greedy,14,9,13,8,1280
greedy,14,10,13,7,1270
greedy,14,11,13,6,1310
greedy,14,12,13,5,1300
greedy,14,13,13,4,1340
greedy,14,14,13,3,1380
greedy,14,15,13,2,1420
greedy,14,16,13,2,1415
greedy,14,17,12,2,1455
greedy,14,18,12,2,1450
greedy,14,19,12,1,1490
greedy,14,20,12,0,1530
greedy,14,21,12,0,1525
greedy,14,22,13,0,1615
greedy,14,23,14,0,1705
greedy,14,24,15,0,1745
greedy,14,25,15,0,1740
greedy,14,26,15,0,1735
greedy,14,27,14,0,1725
greedy,14,28,13,0,1715
greedy,14,29,12,0,1705
greedy,14,30,11,0,1695
greedy,15,0,10,10,1000
greedy,15,1,10,10,995
greedy,15,2,9,10,1085
greedy,15,3,9,10,1080
greedy,15,4,9,11,1170
greedy,15,5,9,11,1165
greedy,15,6,8,11,1205
greedy,15,7,7,11,1295
greedy,15,8,6,11,1285
greedy,15,9,6,11,1280
greedy,15,10,6,10,1270
greedy,15,11,6,9,1360
greedy,15,12,6,8,1350
greedy,15,13,6,8,1345
greedy,15,14,5,8,1435
greedy,15,15,5,8,1430
greedy,15,16,5,7,1470
greedy,15,17,5,7,1465
greedy,15,18,6,7,1505
greedy,15,19,7,7,1495
greedy,15,20,7,7,1490
greedy,15,21,7,8,1530
greedy,15,22,7,9,1520
greedy,15,23,7,9,1515
greedy,15,24,8,9,1555
greedy,15,25,8,9,1550
greedy,15,26,8,10,1590
greedy,15,27,8,11,1580
greedy,15,28,8,12,1570
greedy,15,29,8,13,1560
greedy,15,30,8,14,1550
greedy,16,0,10,10,1000
greedy,16,1,10,10,995
greedy,16,2,11,10,1085
greedy,16,3,12,10,1125
greedy,16,4,12,10,1120
greedy,16,5,12,11,1210
greedy,16,6,12,12,1250
greedy,16,7,12,13,1240
greedy,16,8,12,14,1230
greedy,16,9,12,15,1270
greedy,16,10,12,16,1260
greedy,16,11,12,17,1250
greedy,16,12,12,18,1340
greedy,16,13,12,18,1335
greedy,16,14,13,18,1375
greedy,16,15,14,18,1415
greedy,16,16,15,18,1505
greedy,16,17,15,18,1500
greedy,16,18,15,19,1540
greedy,16,19,15,19,1535
greedy,16,20,14,19,1575
greedy,16,21,14,19,1570
greedy,16,22,14,20,1660
greedy,16,23,14,20,1655
greedy,16,24,14,20,1650
greedy,16,25,14,19,1640
greedy,16,26,14,19,1635
greedy,16,27,13,19,1675
greedy,16,28,13,19,1670
greedy,16,29,13,18,1660
greedy,16,30,13,17,1650
greedy,17,0,10,10,1000
greedy,17,1,10,10,1095
greedy,17,2,10,10,1090
greedy,17,3,10,11,1180
greedy,17,4,10,12,1170
greedy,17,5,10,13,1160
greedy,17,6,10,13,1155
greedy,17,7,9,13,1195
greedy,17,8,8,13,1235
greedy,17,9,8,13,1230
greedy,17,10,8,12,1220
greedy,17,11,8,12,1215
greedy,17,12,9,12,1205
greedy,17,13,10,12,1195
greedy,17,14,10,12,1190
greedy,17,15,10,11,1180
greedy,17,16,10,10,1170
greedy,17,17,10,9,1210
greedy,17,18,10,8,1200
greedy,17,19,10,7,1240
greedy,17,20,10,7,1235
greedy,17,21,9,7,1275
greedy,17,22,9,7,1270
greedy,17,23,9,6,1310
greedy,17,24,9,5,1300
greedy,17,25,9,4,1290
greedy,17,26,9,3,1330
greedy,17,27,9,2,1320
greedy,17,28,9,1,1310
greedy,17,29,9,1,1305
greedy,17,30,8,1,1345
greedy,18,0,10,10,1000
greedy,18,1,10,10,995
greedy,18,2,11,10,985
greedy,18,3,11,10,980
greedy,18,4,11,11,1020
greedy,18,5,11,12,1010
greedy,18,6,11,13,1050
greedy,18,7,11,14,1090
greedy,18,8,11,14,1085
greedy,18,9,10,14,1175
greedy,18,10,9,14,1165
greedy,18,11,8,14,1155
greedy,18,12,8,14,1150
greedy,18,13,8,15,1240
greedy,18,14,8,15,1235
greedy,18,15,7,15,1275
greedy,18,16,7,15,1270
greedy,18,17,7,14,1310
greedy,18,18,7,14,1305
greedy,18,19,6,14,1345
greedy,18,20,5,14,1335
greedy,18,21,4,14,1375
greedy,18,22,3,14,1415
greedy,18,23,3,14,1410
greedy,18,24,3,13,1400
greedy,18,25,3,12,1440
greedy,18,26,3,12,1435
greedy,18,27,3,12,1430
greedy,18,28,3,13,1420
greedy,18,29,3,13,1415
greedy,18,30,2,13,1455
greedy,19,0,10,10,1000
greedy,19,1,10,10,995
greedy,19,2,9,10,1085
greedy,19,3,9,10,1080
greedy,19,4,9,11,1170
greedy,19,5,9,11,1165
greedy,19,6,10,11,1205
greedy,19,7,10,11,1200
greedy,19,8,10,10,1190
greedy,19,9,10,9,1180
greedy,19,10,10,8,1270
greedy,19,11,10,8,1265
greedy,19,12,10,8,1260
greedy,19,13,10,9,1250
greedy,19,14,10,9,1245
greedy,19,15,11,9,1335
greedy,19,16,11,9,1330
greedy,19,17,11,9,1325
greedy,19,18,10,9,1315
greedy,19,19,9,9,1305
greedy,19,20,8,9,1395
greedy,19,21,7,9,1385
greedy,19,22,6,9,1425
greedy,19,23,5,9,1415
greedy,19,24,5,9,1410
greedy,19,25,5,10,1450
greedy,19,26,5,11,1490
greedy,19,27,5,12,1580
greedy,19,28,5,13,1620
greedy,19,29,5,13,1615
greedy,19,30,6,13,1655
greedy,20,0,10,10,1000
greedy,20,1,10,9,1040
greedy,20,2,10,8,1130
greedy,20,3,10,7,1220
greedy,20,4,10,7,1215
greedy,20,5,9,7,1305
greedy,20,6,9,7,1300
greedy,20,7,9,6,1290
greedy,20,8,9,5,1330
greedy,20,9,9,5,1325
greedy,20,10,8,5,1415
greedy,20,11,7,5,1405
greedy,20,12,6,5,1445
greedy,20,13,5,5,1485
greedy,20,14,5,5,1480
greedy,20,15,5,4,1470
greedy,20,16,5,4,1465
greedy,20,17,6,4,1455
greedy,20,18,6,4,1450
greedy,20,19,6,3,1440
greedy,20,20,6,2,1480
greedy,20,21,6,1,1570
greedy,20,22,6,0,1560
greedy,20,23,6,0,1555
greedy,20,24,5,0,1645
greedy,20,25,4,0,1635
greedy,20,26,3,0,1725
greedy,20,27,2,0,1765
greedy,20,28,1,0,1755
greedy,20,29,0,0,1795
greedy,20,30,0,0,1790
greedy,21,0,10,10,1000
greedy,21,1,10,10,965
greedy,21,2,11,10,1005
greedy,21,3,11,10,1000
greedy,21,4,11,11,1040
greedy,21,5,11,12,1080
greedy,21,6,11,13,1170
greedy,21,7,11,13,1165
greedy,21,8,10,13,1205
greedy,21,9,10,13,1200
greedy,21,10,10,14,1240
greedy,21,11,10,15,1280
greedy,21,12,10,16,1320
greedy,21,13,10,16,1315
greedy,21,14,10,16,1310
greedy,21,15,10,15,1300
greedy,21,16,10,15,1295
greedy,21,17,11,15,1335
greedy,21,18,12,15,1325
greedy,21,19,13,15,1315
greedy,21,20,14,15,1305
greedy,21,21,15,15,1295
greedy,21,22,16,15,1285
greedy,21,23,17,15,1275
greedy,21,24,17,15,1270
greedy,21,25,17,16,1360
greedy,21,26,17,17,1450
greedy,21,27,17,18,1540
greedy,21,28,17,19,1530
greedy,21,29,17,20,1520
greedy,21,30,17,20,1515
greedy,22,0,10,10,1000
greedy,22,1,10,10,995
greedy,22,2,11,10,1035
greedy,22,3,11,10,1030
greedy,22,4,11,9,1020
greedy,22,5,11,8,1010
greedy,22,6,11,8,1005
greedy,22,7,12,8,1045
greedy,22,8,12,8,1040
greedy,22,9,12,7,1130
greedy,22,10,12,6,1120
greedy,22,11,12,5,1160
greedy,22,12,12,5,1155
greedy,22,13,11,5,1245
greedy,22,14,10,5,1285
greedy,22,15,9,5,1325
greedy,22,16,8,5,1365
greedy,22,17,7,5,1355
greedy,22,18,6,5,1445
greedy,22,19,5,5,1485
greedy,22,20,5,5,1480
greedy,22,21,5,4,1470
greedy,22,22,5,4,1465
greedy,22,23,4,4,1505
greedy,22,24,3,4,1495
greedy,22,25,2,4,1485
greedy,22,26,2,4,1480
greedy,22,27,2,3,1470
greedy,22,28,2,2,1460
greedy,22,29,2,1,1450
greedy,22,30,2,1,1445
greedy,23,0,10,10,1000
greedy,23,1,10,10,995
greedy,23,2,11,10,985
greedy,23,3,12,10,1025
greedy,23,4,13,10,1015
greedy,23,5,13,10,1010
greedy,23,6,13,11,1050
greedy,23,7,13,11,1045
greedy,23,8,14,11,1135
greedy,23,9,15,11,1175
greedy,23,10,16,11,1265
greedy,23,11,17,11,1305
greedy,23,12,17,11,1300
greedy,23,13,17,10,1290
greedy,23,14,17,10,1285
greedy,23,15,16,10,1325
greedy,23,16,16,10,1320
greedy,23,17,16,9,1410
greedy,23,18,16,9,1405
greedy,23,19,15,9,1445
greedy,23,20,14,9,1435
greedy,23,21,14,9,1430
greedy,23,22,14,8,1420
greedy,23,23,14,8,1415
greedy,23,24,13,8,1505
greedy,23,25,12,8,1495
greedy,23,26,11,8,1485
greedy,23,27,11,8,1480
greedy,23,28,11,9,1520
greedy,23,29,11,10,1510
greedy,23,30,11,11,1550
greedy,24,0,10,10,1000
greedy,24,1,10,10,1045
greedy,24,2,11,10,1135
greedy,24,3,11,10,1130
greedy,24,4,11,11,1170
greedy,24,5,11,11,1165
greedy,24,6,11,11,1160
greedy,24,7,11,10,1150
greedy,24,8,11,10,1145
greedy,24,9,12,10,1135
greedy,24,10,13,10,1225
greedy,24,11,14,10,1215
greedy,24,12,15,10,1205
greedy,24,13,15,10,1200
greedy,24,14,15,9,1190
greedy,24,15,15,8,1280
greedy,24,16,15,7,1370
greedy,24,17,15,6,1360
greedy,24,18,15,5,1350
greedy,24,19,15,5,1345
greedy,24,20,14,5,1435
greedy,24,21,13,5,1425
greedy,24,22,13,5,1420
greedy,24,23,13,6,1510
greedy,24,24,13,7,1600
greedy,24,25,13,7,1595
greedy,24,26,12,7,1685
greedy,24,27,11,7,1725
greedy,24,28,10,7,1715
greedy,24,29,10,7,1710
greedy,24,30,10,6,1800
greedy,25,0,10,10,1000
greedy,25,1,10,10,995
greedy,25,2,11,10,1035
greedy,25,3,11,10,1030
greedy,25,4,11,9,1120
greedy,25,5,11,9,1115
greedy,25,6,12,9,1105
greedy,25,7,13,9,1195
greedy,25,8,13,9,1190
greedy,25,9,13,8,1180
greedy,25,10,13,7,1170
greedy,25,11,13,6,1160
greedy,25,12,13,5,1250
greedy,25,13,13,5,1245
greedy,25,14,12,5,1335
greedy,25,15,11,5,1375
greedy,25,16,10,5,1365
greedy,25,17,9,5,1455
greedy,25,18,8,5,1495
greedy,25,19,7,5,1485
greedy,25,20,7,5,1480
greedy,25,21,7,4,1470
greedy,25,22,7,4,1465
greedy,25,23,7,4,1460
greedy,25,24,7,5,1450
greedy,25,25,7,5,1445
greedy,25,26,7,5,1440
greedy,25,27,7,4,1430
greedy,25,28,7,4,1425
greedy,25,29,7,4,1420
greedy,25,30,7,5,1410
greedy,26,0,10,10,1000
greedy,26,1,10,9,1090
greedy,26,2,10,8,1080
greedy,26,3,10,7,1120
greedy,26,4,10,6,1160
greedy,26,5,10,6,1155
greedy,26,6,11,6,1195
greedy,26,7,12,6,1235
greedy,26,8,13,6,1325
greedy,26,9,14,6,1315
greedy,26,10,15,6,1305
greedy,26,11,15,6,1300
greedy,26,12,15,5,1390
greedy,26,13,15,4,1380
greedy,26,14,15,3,1370
greedy,26,15,15,3,1365
greedy,26,16,16,3,1455
greedy,26,17,16,3,1450
greedy,26,18,16,4,1440
greedy,26,19,16,4,1435
greedy,26,20,17,4,1475
greedy,26,21,18,4,1465
greedy,26,22,19,4,1505
greedy,26,23,19,4,1500
greedy,26,24,19,3,1590
greedy,26,25,19,3,1585
greedy,26,26,20,3,1625
greedy,26,27,20,3,1620
greedy,26,28,20,4,1610
greedy,26,29,20,5,1600
greedy,26,30,20,6,1590
greedy,27,0,10,10,1000
greedy,27,1,10,10,1095
greedy,27,2,11,10,1135
greedy,27,3,12,10,1125
greedy,27,4,13,10,1165
greedy,27,5,14,10,1205
greedy,27,6,14,10,1200
greedy,27,7,14,11,1240
greedy,27,8,14,11,1235
greedy,27,9,13,11,1225
greedy,27,10,13,11,1220
greedy,27,11,13,12,1310
greedy,27,12,13,13,1300
greedy,27,13,13,14,1390
greedy,27,14,13,14,1385
greedy,27,15,14,14,1425
greedy,27,16,14,14,1420
greedy,27,17,14,13,1460
greedy,27,18,14,13,1455
greedy,27,19,15,13,1445
greedy,27,20,16,13,1435
greedy,27,21,17,13,1525
greedy,27,22,17,13,1520
greedy,27,23,17,12,1610
greedy,27,24,17,11,1600
greedy,27,25,17,11,1595
greedy,27,26,18,11,1635
greedy,27,27,19,11,1625
greedy,27,28,20,11,1665
greedy,27,29,20,11,1660
greedy,27,30,20,10,1650
greedy,28,0,10,10,1000
greedy,28,1,10,9,1090
greedy,28,2,10,8,1080
greedy,28,3,10,7,1170
greedy,28,4,10,6,1210
greedy,28,5,10,5,1200
greedy,28,6,10,5,1195
greedy,28,7,11,5,1285
greedy,28,8,11,5,1280
greedy,28,9,11,4,1270
greedy,28,10,11,4,1265
greedy,28,11,12,4,1355
greedy,28,12,12,4,1350
greedy,28,13,12,3,1390
greedy,28,14,12,3,1385
greedy,28,15,13,3,1375
greedy,28,16,13,3,1370
greedy,28,17,13,2,1410
greedy,28,18,13,1,1400
greedy,28,19,13,1,1395
greedy,28,20,14,1,1485
greedy,28,21,14,1,1480
greedy,28,22,14,0,1570
greedy,28,23,14,0,1565
greedy,28,24,15,0,1605
greedy,28,25,16,0,1645
greedy,28,26,16,0,1640
greedy,28,27,16,1,1680
greedy,28,28,16,2,1770
greedy,28,29,16,3,1860
greedy,28,30,16,4,1950
greedy,29,0,10,10,1000
greedy,29,1,10,10,995
greedy,29,2,11,10,1035
greedy,29,3,12,10,1125
greedy,29,4,13,10,1115
greedy,29,5,14,10,1205
greedy,29,6,15,10,1295
greedy,29,7,15,10,1290
greedy,29,8,15,9,1280
greedy,29,9,15,8,1270
greedy,29,10,15,8,1265
greedy,29,11,16,8,1255
greedy,29,12,17,8,1245
greedy,29,13,17,8,1240
greedy,29,14,17,7,1280
greedy,29,15,17,7,1275
greedy,29,16,18,7,1315
greedy,29,17,19,7,1305
greedy,29,18,19,7,1300
greedy,29,19,19,6,1340
greedy,29,20,19,6,1335
greedy,29,21,20,6,1375
greedy,29,22,20,6,1370
greedy,29,23,20,5,1410
greedy,29,24,20,4,1450
greedy,29,25,20,3,1440
greedy,29,26,20,2,1480
greedy,29,27,20,1,1470
greedy,29,28,20,0,1510
greedy,29,29,20,0,1505
greedy,29,30,19,0,1545
random,0,0,10,10,1000
random,0,1,10,10,895
random,0,2,10,10,890
random,0,3,10,10,885
random,0,4,9,10,975
random,0,5,8,10,1015
random,0,6,8,10,1010
random,0,7,8,11,1000
random,0,8,8,11,995
random,0,9,8,11,990
random,0,10,8,11,985
random,0,11,8,11,980
random,0,12,8,11,975
random,0,13,8,11,970
random,0,14,8,11,965
random,0,15,9,11,1055
random,0,16,10,11,1045
random,0,17,11,11,1035
random,0,18,11,11,1030
random,0,19,11,11,1025
random,0,20,12,11,1015
random,0,21,12,11,1010
random,0,22,12,12,970
random,0,23,12,13,1060
random,0,24,12,14,1150
random,0,25,12,14,1145
random,0,26,12,14,1140
random,0,27,12,14,1135
random,0,28,12,14,1130
random,0,29,12,14,1125
random,0,30,12,14,1120
random,1,0,10,10,1000
random,1,1,10,10,1045
random,1,2,9,10,1005
random,1,3,8,10,1095
random,1,4,7,10,985
random,1,5,7,10,980
random,1,6,7,10,975
random,1,7,7,10,970
random,1,8,7,9,1010
random,1,9,7,8,1000
random,1,10,7,7,990
random,1,11,7,6,980
random,1,12,7,6,975
random,1,13,7,6,970
random,1,14,7,6,965
random,1,15,7,6,960
random,1,16,7,7,950
random,1,17,7,7,945
random,1,18,8,7,935
random,1,19,8,7,930
random,1,20,8,6,920
random,1,21,8,6,915
random,1,22,7,6,905
random,1,23,6,6,895
random,1,24,6,6,890
random,1,25,6,7,850
random,1,26,6,8,940
random,1,27,6,9,930
random,1,28,6,10,890
random,1,29,6,11,850
random,1,30,6,11,845
random,2,0,10,10,1000
random,2,1,10,10,1095
random,2,2,10,10,1090
random,2,3,10,11,1050
random,2,4,10,11,1045
random,2,5,10,11,1040
random,2,6,10,11,1035
random,2,7,11,11,995
random,2,8,12,11,885
random,2,9,12,11,880
random,2,10,12,11,875
random,2,11,13,11,915
random,2,12,13,11,910
random,2,13,13,11,905
random,2,14,13,11,900
random,2,15,13,11,895
random,2,16,12,11,885
random,2,17,12,11,880
random,2,18,12,10,870
random,2,19,12,9,910
random,2,20,12,9,905
random,2,21,11,9,995
random,2,22,10,9,955
random,2,23,10,9,950
random,2,24,10,8,910
random,2,25,10,7,900
random,2,26,10,6,940
random,2,27,10,6,935
random,2,28,10,6,930
random,2,29,10,6,925
random,2,30,11,6,885
random,3,0,10,10,1000
random,3,1,10,9,1010
random,3,2,10,8,1050
random,3,3,10,7,1140
random,3,4,10,7,1135
random,3,5,10,7,1130
random,3,6,10,7,1125
random,3,7,11,7,1115
random,3,8,12,7,1205
random,3,9,13,7,1195
random,3,10,13,7,1190
random,3,11,13,8,1180
random,3,12,13,9,1070
random,3,13,13,10,1160
random,3,14,13,10,1155
random,3,15,12,10,1145
random,3,16,11,10,1035
random,3,17,10,10,1025
random,3,18,9,10,1015
random,3,19,8,10,1005
random,3,20,8,10,1000
random,3,21,8,9,990
random,3,22,8,8,980
random,3,23,8,7,940
random,3,24,8,6,1030
random,3,25,8,5,990
random,3,26,8,4,980
random,3,27,8,4,975
random,3,28,9,4,1015
random,3,29,10,4,905
random,3,30,11,4,895
random,4,0,10,10,1000
random,4,1,10,10,1045
random,4,2,10,10,1040
random,4,3,10,9,1030
random,4,4,10,8,1020
random,4,5,10,7,1010
random,4,6,10,7,1005
random,4,7,10,7,1000
random,4,8,10,6,990
random,4,9,10,6,985
random,4,10,11,6,945
random,4,11,12,6,905
random,4,12,13,6,865
random,4,13,13,6,860
random,4,14,13,5,950
random,4,15,13,5,945
random,4,16,13,5,940
random,4,17,13,5,935
random,4,18,13,5,930
random,4,19,13,5,925
random,4,20,13,5,920
random,4,21,13,4,1010
random,4,22,13,3,1000
random,4,23,13,2,960
random,4,24,13,1,1000
random,4,25,13,0,1040
random,4,26,13,0,1030
random,4,27,13,0,1025
random,4,28,14,0,1015
random,4,29,15,0,975
random,4,30,15,0,970
random,5,0,10,10,1000
random,5,1,10,10,995
random,5,2,9,10,985
random,5,3,9,10,980
random,5,4,9,10,975
random,5,5,9,10,970
random,5,6,9,9,960
random,5,7,9,9,955
random,5,8,9,9,950
random,5,9,9,10,940
random,5,10,9,11,830
random,5,11,9,12,790
random,5,12,9,12,785
random,5,13,9,12,780
random,5,14,9,13,820
random,5,15,9,14,810
random,5,16,9,15,770
random,5,17,9,16,760
random,5,18,9,16,755
random,5,19,10,16,715
random,5,20,10,16,710
random,5,21,10,15,700
random,5,22,10,15,695
random,5,23,10,15,690
random,5,24,10,14,680
random,5,25,10,14,675
random,5,26,9,14,665
random,5,27,9,14,660
random,5,28,9,13,650
random,5,29,9,13,645
random,5,30,10,13,635
random,6,0,10,10,1000
random,6,1,10,10,1045
random,6,2,11,10,1035
random,6,3,11,10,1030
random,6,4,11,10,1025
random,6,5,11,10,1020
random,6,6,11,11,1010
random,6,7,11,11,1005
random,6,8,12,11,965
random,6,9,12,11,960
random,6,10,12,11,955
random,6,11,13,11,1045
random,6,12,14,11,1085
random,6,13,15,11,1075
random,6,14,15,11,1070
random,6,15,15,10,1160
random,6,16,15,9,1120
random,6,17,15,8,1110
random,6,18,15,8,1105
random,6,19,14,8,1195
random,6,20,13,8,1185
random,6,21,12,8,1145
random,6,22,12,8,1140
random,6,23,12,8,1135
random,6,24,12,8,1130
random,6,25,12,8,1125
random,6,26,13,8,1115
random,6,27,14,8,1105
random,6,28,14,8,1100
random,6,29,14,8,1095
random,6,30,13,8,1085
random,7,0,10,10,1000
random,7,1,10,10,995
random,7,2,10,10,990
random,7,3,10,11,880
random,7,4,10,12,970
random,7,5,10,12,965
random,7,6,10,12,960
random,7,7,10,11,950
random,7,8,10,11,945
random,7,9,11,11,905
random,7,10,11,11,900
random,7,11,11,12,890
random,7,12,11,13,930
random,7,13,11,13,925
random,7,14,10,13,965
random,7,15,9,13,955
random,7,16,8,13,1045
random,7,17,7,13,1085
random,7,18,6,13,1045
random,7,19,6,13,1040
random,7,20,6,14,1030
random,7,21,6,14,1025
random,7,22,5,14,1015
random,7,23,4,14,975
random,7,24,3,14,935
random,7,25,3,14,930
random,7,26,3,14,925
random,7,27,4,14,915
random,7,28,5,14,905
random,7,29,5,14,900
random,7,30,5,13,890
random,8,0,10,10,1000
random,8,1,10,9,960
random,8,2,10,9,955
random,8,3,10,9,950
random,8,4,10,8,940
random,8,5,10,8,935
random,8,6,10,8,930
random,8,7,10,9,920
random,8,8,10,10,910
random,8,9,10,10,905
random,8,10,9,10,895
random,8,11,9,10,890
random,8,12,9,9,930
random,8,13,9,9,925
random,8,14,9,9,920
random,8,15,9,9,915
random,8,16,9,9,910
random,8,17,9,9,905
random,8,18,9,9,900
random,8,19,9,10,890
random,8,20,9,10,885
random,8,21,8,10,875
random,8,22,7,10,915
random,8,23,7,10,910
random,8,24,7,11,950
random,8,25,7,12,910
random,8,26,7,13,900
random,8,27,7,14,990
random,8,28,7,15,880
random,8,29,7,16,870
random,8,30,7,16,865
random,9,0,10,10,1000
random,9,1,10,9,990
random,9,2,10,9,985
random,9,3,11,9,945
random,9,4,11,9,940
random,9,5,11,9,935
random,9,6,11,9,930
random,9,7,11,9,925
random,9,8,12,9,965
random,9,9,13,9,1005
random,9,10,13,9,1000
random,9,11,13,9,995
random,9,12,13,9,990
random,9,13,13,9,985
random,9,14,13,9,980
random,9,15,13,8,970
random,9,16,13,7,860
random,9,17,13,6,900
random,9,18,13,5,790
random,9,19,13,5,785
random,9,20,13,5,780
random,9,21,13,6,770
random,9,22,13,6,765
random,9,23,12,6,755
random,9,24,11,6,795
random,9,25,10,6,885
random,9,26,10,6,880
random,9,27,10,6,875
random,9,28,10,6,870
random,9,29,10,7,860
random,9,30,10,7,855
random,10,0,10,10,1000
random,10,1,10,10,995
random,10,2,10,10,990
random,10,3,10,9,1080
random,10,4,10,8,1070
random,10,5,10,7,1110
random,10,6,10,7,1105
random,10,7,11,7,1095
random,10,8,12,7,1135
random,10,9,13,7,1175
random,10,10,13,7,1170
random,10,11,13,8,1160
random,10,12,13,9,1150
random,10,13,13,9,1145
random,10,14,12,9,1185
random,10,15,12,9,1180
random,10,16,12,9,1175
random,10,17,11,9,1215
random,10,18,10,9,1205
random,10,19,9,9,1195
random,10,20,8,9,1185
random,10,21,8,9,1180
random,10,22,8,8,1170
random,10,23,8,8,1165
random,10,24,8,8,1160
random,10,25,8,8,1155
random,10,26,8,8,1150
random,10,27,8,8,1145
random,10,28,9,8,1185
random,10,29,9,8,1180
random,10,30,9,9,1170
random,11,0,10,10,1000
random,11,1,10,9,890
random,11,2,10,9,885
random,11,3,10,9,880
random,11,4,10,8,920
random,11,5,10,7,960
random,11,6,10,6,950
random,11,7,10,6,945
random,11,8,10,6,940
random,11,9,10,6,935
random,11,10,9,6,895
random,11,11,8,6,855
random,11,12,7,6,945
random,11,13,7,6,940
random,11,14,7,7,930
random,11,15,7,7,925
random,11,16,7,7,920
random,11,17,7,7,915
random,11,18,8,7,1005
random,11,19,8,7,1000
random,11,20,8,8,990
random,11,21,8,8,985
random,11,22,7,8,975
random,11,23,6,8,1065
random,11,24,5,8,1105
random,11,25,4,8,1195
random,11,26,3,8,1185
random,11,27,2,8,1175
random,11,28,1,8,1135
random,11,29,0,8,1125
random,11,30,0,8,1115
random,12,0,10,10,1000
random,12,1,10,10,965
random,12,2,10,10,960
random,12,3,10,9,1000
random,12,4,10,8,990
random,12,5,10,8,985
random,12,6,9,8,875
random,12,7,9,8,870
random,12,8,9,8,865
random,12,9,8,8,855
random,12,10,8,8,850
random,12,11,8,8,845
random,12,12,8,8,840
random,12,13,8,9,830
random,12,14,8,9,825
random,12,15,8,9,820
random,12,16,8,9,815
random,12,17,7,9,855
random,12,18,7,9,850
random,12,19,7,10,840
random,12,20,7,10,835
random,12,21,8,10,875
random,12,22,8,10,870
random,12,23,8,10,865
random,12,24,9,10,825
random,12,25,10,10,815
random,12,26,11,10,705
random,12,27,11,10,700
random,12,28,11,10,695
random,12,29,12,10,655
random,12,30,12,10,650
random,13,0,10,10,1000
random,13,1,10,10,1045
random,13,2,10,10,1040
random,13,3,10,10,1035
random,13,4,10,10,1030
random,13,5,10,11,1070
random,13,6,10,12,1060
random,13,7,10,12,1055
random,13,8,10,12,1050
random,13,9,10,12,1045
random,13,10,9,12,1035
random,13,11,8,12,1125
random,13,12,7,12,1115
random,13,13,7,12,1110
random,13,14,7,11,1070
random,13,15,7,10,1110
random,13,16,7,9,1100
random,13,17,7,9,1095
random,13,18,8,9,985
random,13,19,8,9,980
random,13,20,8,9,975
random,13,21,9,9,965
random,13,22,10,9,1005
random,13,23,10,9,1000
random,13,24,10,9,995
random,13,25,10,9,990
random,13,26,10,9,985
random,13,27,9,9,975
random,13,28,8,9,965
random,13,29,8,9,960
random,13,30,8,9,955
random,14,0,10,10,1000
random,14,1,10,10,965
random,14,2,10,10,960
random,14,3,10,11,1000
random,14,4,10,11,995
random,14,5,11,11,985
random,14,6,11,11,980
random,14,7,11,10,970
random,14,8,11,10,965
random,14,9,10,10,955
random,14,10,9,10,945
random,14,11,8,10,985
random,14,12,7,10,975
random,14,13,7,10,970
random,14,14,7,10,965
random,14,15,7,10,960
random,14,16,7,10,955
random,14,17,7,10,950
random,14,18,7,11,940
random,14,19,7,11,935
random,14,20,6,11,925
random,14,21,5,11,915
random,14,22,4,11,1005
random,14,23,3,11,1045
random,14,24,3,11,1040
random,14,25,3,11,1035
random,14,26,3,11,1030
random,14,27,3,11,1025
random,14,28,2,11,985
random,14,29,1,11,975
random,14,30,1,11,970
random,15,0,10,10,1000
random,15,1,10,10,1045
random,15,2,10,10,1040
random,15,3,10,11,1080
random,15,4,10,12,1040
random,15,5,10,13,1000
random,15,6,10,14,1040
random,15,7,10,14,1035
random,15,8,11,14,1025
random,15,9,11,14,1020
random,15,10,11,13,910
random,15,11,11,13,905
random,15,12,11,13,900
random,15,13,11,12,860
random,15,14,11,12,855
random,15,15,11,12,850
random,15,16,11,12,845
random,15,17,12,12,935
random,15,18,13,12,1025
random,15,19,14,12,985
random,15,20,15,12,975
random,15,21,15,12,970
random,15,22,15,11,1010
random,15,23,15,11,1005
random,15,24,16,11,995
random,15,25,17,11,1085
random,15,26,18,11,1075
random,15,27,18,11,1070
random,15,28,18,12,1060
random,15,29,18,12,1055
random,15,30,18,12,1050
random,16,0,10,10,1000
random,16,1,10,9,990
random,16,2,10,9,985
random,16,3,11,9,875
random,16,4,12,9,915
random,16,5,12,9,910
random,16,6,12,10,900
random,16,7,12,10,895
random,16,8,11,10,935
random,16,9,10,10,925
random,16,10,10,10,920
random,16,11,10,11,960
random,16,12,10,12,950
random,16,13,10,12,945
random,16,14,9,12,935
random,16,15,8,12,925
random,16,16,7,12,915
random,16,17,7,12,910
random,16,18,7,12,905
random,16,19,6,12,995
random,16,20,5,12,985
random,16,21,5,12,980
random,16,22,5,13,1070
random,16,23,5,14,1060
random,16,24,5,15,950
random,16,25,5,15,945
random,16,26,6,15,1035
random,16,27,6,15,1030
random,16,28,6,15,1025
random,16,29,7,15,1015
random,16,30,8,15,1005
random,17,0,10,10,1000
random,17,1,10,9,990
random,17,2,10,8,1080
random,17,3,10,7,1170
random,17,4,10,7,1165
random,17,5,11,7,1125
random,17,6,12,7,1115
random,17,7,12,7,1110
random,17,8,12,6,1100
random,17,9,12,5,1090
random,17,10,12,4,1080
random,17,11,12,3,1070
random,17,12,12,3,1065
random,17,13,12,3,1060
random,17,14,12,3,1055
random,17,15,11,3,1145
random,17,16,11,3,1140
random,17,17,11,2,1130
random,17,18,11,2,1125
random,17,19,11,2,1120
random,17,20,11,2,1115
random,17,21,11,2,1110
random,17,22,11,2,1105
random,17,23,12,2,1095
random,17,24,13,2,1055
random,17,25,13,2,1050
random,17,26,13,3,1010
random,17,27,13,4,1000
random,17,28,13,4,995
random,17,29,13,4,990
random,17,30,13,3,980
random,18,0,10,10,1000
random,18,1,10,10,995
random,18,2,9,10,985
random,18,3,9,10,980
random,18,4,9,10,975
random,18,5,9,10,970
random,18,6,9,10,965
random,18,7,10,10,955
random,18,8,11,10,995
random,18,9,12,10,985
random,18,10,13,10,945
random,18,11,14,10,985
random,18,12,14,10,980
random,18,13,14,11,940
random,18,14,14,11,935
random,18,15,14,11,930
random,18,16,14,10,920
random,18,17,14,10,915
random,18,18,14,10,910
random,18,19,14,9,900
random,18,20,14,9,895
random,18,21,14,9,890
random,18,22,14,8,930
random,18,23,14,8,925
random,18,24,13,8,915
random,18,25,13,8,910
random,18,26,13,9,900
random,18,27,13,9,895
random,18,28,12,9,855
random,18,29,12,9,850
random,18,30,12,10,840
random,19,0,10,10,1000
random,19,1,10,9,1060
random,19,2,10,9,1055
random,19,3,11,9,1095
random,19,4,12,9,1085
random,19,5,13,9,975
random,19,6,14,9,965
random,19,7,15,9,955
random,19,8,15,9,950
random,19,9,15,10,940
random,19,10,15,10,935
random,19,11,15,10,930
random,19,12,15,9,920
random,19,13,15,8,910
random,19,14,15,8,905
random,19,15,16,8,795
random,19,16,16,8,790
random,19,17,16,8,785
random,19,18,15,8,775
random,19,19,15,8,770
random,19,20,15,8,765
random,19,21,15,8,760
random,19,22,15,8,755
random,19,23,15,8,750
random,19,24,15,7,740
random,19,25,15,6,700
random,19,26,15,5,790
random,19,27,15,5,785
random,19,28,16,5,775
random,19,29,17,5,765
random,19,30,18,5,755
random,20,0,10,10,1000
random,20,1,10,9,1040
random,20,2,10,9,1035
random,20,3,10,9,1030
random,20,4,10,10,1020
random,20,5,10,11,980
random,20,6,10,11,975
random,20,7,9,11,1065
random,20,8,8,11,1055
random,20,9,8,11,1050
random,20,10,8,11,1045
random,20,11,7,11,1085
random,20,12,6,11,1045
random,20,13,5,11,1035
random,20,14,4,11,1025
random,20,15,4,11,1020
random,20,16,4,10,1110
random,20,17,4,9,1100
random,20,18,4,9,1095
random,20,19,5,9,1085
random,20,20,5,9,1080
random,20,21,5,9,1075
random,20,22,5,9,1070
random,20,23,5,10,1060
random,20,24,5,11,1050
random,20,25,5,11,1045
random,20,26,4,11,1035
random,20,27,3,11,1025
random,20,28,3,11,1020
random,20,29,3,11,1015
random,20,30,4,11,1005
random,21,0,10,10,1000
random,21,1,10,10,995
random,21,2,10,10,990
random,21,3,10,10,985
random,21,4,10,10,980
random,21,5,10,9,1020
random,21,6,10,8,980
random,21,7,10,8,975
random,21,8,10,8,970
random,21,9,10,8,965
random,21,10,10,8,960
random,21,11,10,8,955
random,21,12,10,8,950
random,21,13,10,7,990
random,21,14,10,6,980
random,21,15,10,5,970
random,21,16,10,5,965
random,21,17,9,5,955
random,21,18,9,5,950
random,21,19,9,5,945
random,21,20,10,5,935
random,21,21,10,5,930
random,21,22,10,4,920
random,21,23,10,3,960
random,21,24,10,3,955
random,21,25,11,3,915
random,21,26,11,3,910
random,21,27,11,4,900
random,21,28,11,5,890
random,21,29,11,6,850
random,21,30,11,6,845
random,22,0,10,10,1000
random,22,1,10,9,1090
random,22,2,10,8,1130
random,22,3,10,7,1220
random,22,4,10,6,1110
random,22,5,10,5,1000
random,22,6,10,5,995
random,22,7,11,5,1035
random,22,8,12,5,1075
random,22,9,12,5,1070
random,22,10,12,5,1065
random,22,11,13,5,1105
random,22,12,14,5,1195
random,22,13,15,5,1085
random,22,14,15,5,1080
random,22,15,15,5,1075
random,22,16,15,5,1070
random,22,17,15,5,1065
random,22,18,15,5,1060
random,22,19,15,6,1050
random,22,20,15,7,1010
random,22,21,15,7,1005
random,22,22,15,7,1000
random,22,23,15,6,990
random,22,24,15,6,985
random,22,25,15,6,980
random,22,26,15,7,970
random,22,27,15,7,965
random,22,28,15,7,960
random,22,29,15,8,920
random,22,30,15,9,910
random,23,0,10,10,1000
random,23,1,10,9,1060
random,23,2,10,9,1055
random,23,3,9,9,1045
random,23,4,9,9,1040
random,23,5,9,9,1035
random,23,6,8,9,995
random,23,7,7,9,955
random,23,8,7,9,950
random,23,9,7,8,940
random,23,10,7,7,930
random,23,11,7,6,920
random,23,12,7,5,960
random,23,13,7,4,950
random,23,14,7,4,945
random,23,15,7,4,940
random,23,16,7,5,930
random,23,17,7,6,920
random,23,18,7,7,910
random,23,19,7,8,900
random,23,20,7,8,895
random,23,21,8,8,885
random,23,22,8,8,880
random,23,23,8,8,875
random,23,24,7,8,865
random,23,25,6,8,955
random,23,26,6,8,950
random,23,27,6,7,910
random,23,28,6,7,905
random,23,29,6,7,900
random,23,30,6,7,895
random,24,0,10,10,1000
random,24,1,10,10,995
random,24,2,10,10,990
random,24,3,10,11,980
random,24,4,10,11,975
random,24,5,9,11,965
random,24,6,8,11,955
random,24,7,8,11,950
random,24,8,8,11,945
random,24,9,8,11,940
random,24,10,8,11,935
random,24,11,9,11,925
random,24,12,10,11,915
random,24,13,11,11,955
random,24,14,11,11,950
random,24,15,11,11,945
random,24,16,11,11,940
random,24,17,11,11,935
random,24,18,11,11,930
random,24,19,11,11,925
random,24,20,11,11,920
random,24,21,11,11,915
random,24,22,10,11,905
random,24,23,9,11,895
random,24,24,8,11,885
random,24,25,7,11,875
random,24,26,6,11,915
random,24,27,6,11,910
random,24,28,6,12,900
random,24,29,6,13,890
random,24,30,6,13,885
random,25,0,10,10,1000
random,25,1,10,9,1090
random,25,2,10,9,1085
random,25,3,11,9,1175
random,25,4,11,9,1170
random,25,5,11,9,1165
random,25,6,11,9,1160
random,25,7,11,9,1155
random,25,8,10,9,1145
random,25,9,9,9,1135
random,25,10,8,9,1125
random,25,11,8,9,1120
random,25,12,8,10,1110
random,25,13,8,10,1105
random,25,14,8,10,1100
random,25,15,8,11,1060
random,25,16,8,11,1055
random,25,17,7,11,1095
random,25,18,6,11,1085
random,25,19,5,11,1075
random,25,20,4,11,1065
random,25,21,4,11,1060
random,25,22,4,12,1050
random,25,23,4,12,1045
random,25,24,5,12,1035
random,25,25,5,12,1030
random,25,26,5,13,1120
random,25,27,5,13,1115
random,25,28,6,13,1075
random,25,29,7,13,1165
random,25,30,8,13,1155
random,26,0,10,10,1000
random,26,1,10,9,1040
random,26,2,10,8,1000
random,26,3,10,8,995
random,26,4,11,8,1085
random,26,5,11,8,1080
random,26,6,11,8,1075
random,26,7,12,8,1065
random,26,8,13,8,1105
random,26,9,13,8,1100
random,26,10,13,8,1095
random,26,11,13,8,1090
random,26,12,13,8,1085
random,26,13,14,8,1075
random,26,14,15,8,1065
random,26,15,16,8,1055
random,26,16,17,8,1045
random,26,17,17,8,1040
random,26,18,17,7,1030
random,26,19,17,6,990
random,26,20,17,5,950
random,26,21,17,5,945
random,26,22,16,5,935
random,26,23,16,5,930
random,26,24,16,5,925
random,26,25,15,5,915
random,26,26,15,5,910
random,26,27,15,5,905
random,26,28,14,5,795
random,26,29,13,5,755
random,26,30,13,5,750
random,27,0,10,10,1000
random,27,1,10,9,1090
random,27,2,10,9,1085
random,27,3,10,9,1080
random,27,4,10,9,1075
random,27,5,11,9,1065
random,27,6,12,9,1105
random,27,7,12,9,1100
random,27,8,12,10,1140
random,27,9,12,10,1135
random,27,10,13,10,1125
random,27,11,14,10,1165
random,27,12,15,10,1205
random,27,13,15,10,1200
random,27,14,15,10,1195
random,27,15,15,10,1190
random,27,16,15,9,1180
random,27,17,15,8,1220
random,27,18,15,7,1180
random,27,19,15,7,1175
random,27,20,15,7,1170
random,27,21,15,7,1165
random,27,22,16,7,1155
random,27,23,16,7,1150
random,27,24,16,7,1145
random,27,25,16,7,1140
random,27,26,16,8,1180
random,27,27,16,8,1175
random,27,28,15,8,1165
random,27,29,14,8,1155
random,27,30,13,8,1195
random,28,0,10,10,1000
random,28,1,10,9,860
random,28,2,10,8,900
random,28,3,10,8,895
random,28,4,10,8,890
random,28,5,10,9,880
random,28,6,10,9,875
random,28,7,10,9,870
random,28,8,10,8,860
random,28,9,10,7,820
random,28,10,10,7,815
random,28,11,9,7,905
random,28,12,9,7,900
random,28,13,9,6,890
random,28,14,9,5,850
random,28,15,9,4,840
random,28,16,9,4,835
random,28,17,9,4,830
random,28,18,9,3,820
random,28,19,9,2,780
random,28,20,9,1,770
random,28,21,9,1,765
random,28,22,8,1,755
random,28,23,8,1,750
random,28,24,8,1,745
random,28,25,8,1,740
random,28,26,8,1,735
random,28,27,7,1,625
random,28,28,6,1,665
random,28,29,5,1,705
random,28,30,5,1,700
random,29,0,10,10,1000
random,29,1,10,9,1140
random,29,2,10,9,1135
random,29,3,11,9,1025
random,29,4,11,9,1020
random,29,5,11,8,1010
random,29,6,11,7,900
random,29,7,11,6,860
random,29,8,11,6,855
random,29,9,10,6,845
random,29,10,9,6,805
random,29,11,8,6,845
random,29,12,8,6,840
random,29,13,8,6,835
random,29,14,8,6,830
random,29,15,8,5,790
random,29,16,8,5,785
random,29,17,7,5,745
random,29,18,7,5,740
random,29,19,7,6,730
random,29,20,7,7,720
random,29,21,7,7,715
random,29,22,7,7,710
random,29,23,7,7,705
random,29,24,8,7,695
random,29,25,8,7,690
random,29,26,8,7,685
random,29,27,8,7,680
random,29,28,8,6,670
random,29,29,8,5,660
random,29,30,8,5,655
hybrid,0,0,10,10,1000
hybrid,0,1,10,9,1090
hybrid,0,2,10,9,1085
hybrid,0,3,11,9,1125
hybrid,0,4,11,9,1120
hybrid,0,5,11,8,1210
hybrid,0,6,11,7,1200
hybrid,0,7,11,7,1195
hybrid,0,8,10,7,1235
hybrid,0,9,9,7,1225
hybrid,0,10,9,7,1220
hybrid,0,11,9,6,1260
hybrid,0,12,9,5,1250
hybrid,0,13,9,5,1245
hybrid,0,14,8,5,1335
hybrid,0,15,7,5,1325
hybrid,0,16,7,5,1320
hybrid,0,17,7,6,1360
hybrid,0,18,7,7,1400
hybrid,0,19,7,7,1395
hybrid,0,20,6,7,1385
hybrid,0,21,6,7,1380
hybrid,0,22,6,6,1370
hybrid,0,23,6,6,1365
hybrid,0,24,6,6,1360
hybrid,0,25,6,6,1355
hybrid,0,26,7,6,1345
hybrid,0,27,7,6,1340
hybrid,0,28,7,7,1330
hybrid,0,29,7,7,1325
hybrid,0,30,6,7,1315
hybrid,1,0,10,10,1000
hybrid,1,1,10,10,995
hybrid,1,2,11,10,1035
hybrid,1,3,12,10,1125
hybrid,1,4,12,10,1120
hybrid,1,5,12,11,1210
hybrid,1,6,12,11,1205
hybrid,1,7,13,11,1295
hybrid,1,8,13,11,1290
hybrid,1,9,13,12,1380
hybrid,1,10,13,13,1470
hybrid,1,11,13,14,1460
hybrid,1,12,13,15,1550
hybrid,1,13,13,15,1545
hybrid,1,14,14,15,1585
hybrid,1,15,14,15,1580
hybrid,1,16,14,14,1620
hybrid,1,17,14,14,1615
hybrid,1,18,13,14,1605
hybrid,1,19,13,14,1600
hybrid,1,20,13,13,1590
hybrid,1,21,13,13,1585
hybrid,1,22,14,13,1575
hybrid,1,23,15,13,1665
hybrid,1,24,15,13,1660
hybrid,1,25,15,12,1650
hybrid,1,26,15,11,1690
hybrid,1,27,15,11,1685
hybrid,1,28,16,11,1775
hybrid,1,29,17,11,1815
hybrid,1,30,17,11,1810
hybrid,2,0,10,10,1000
hybrid,2,1,10,9,1140
hybrid,2,2,10,9,1135
hybrid,2,3,9,9,1175
hybrid,2,4,9,9,1170
hybrid,2,5,9,10,1210
hybrid,2,6,9,10,1205
hybrid,2,7,8,10,1245
hybrid,2,8,8,10,1240
hybrid,2,9,8,10,1235
hybrid,2,10,7,10,1275
hybrid,2,11,6,10,1365
hybrid,2,12,6,10,1360
hybrid,2,13,6,11,1350
hybrid,2,14,6,12,1310
hybrid,2,15,6,12,1305
hybrid,2,16,5,12,1295
hybrid,2,17,5,12,1290
hybrid,2,18,5,13,1380
hybrid,2,19,5,13,1375
hybrid,2,20,5,13,1370
hybrid,2,21,5,13,1365
hybrid,2,22,4,13,1405
hybrid,2,23,4,13,1400
hybrid,2,24,4,14,1440
hybrid,2,25,4,15,1430
hybrid,2,26,4,16,1420
hybrid,2,27,4,16,1415
hybrid,2,28,3,16,1505
hybrid,2,29,2,16,1495
hybrid,2,30,1,16,1485
hybrid,3,0,10,10,1000
hybrid,3,1,10,10,965
hybrid,3,2,11,10,1055
hybrid,3,3,12,10,1045
hybrid,3,4,13,10,1135
hybrid,3,5,13,10,1130
hybrid,3,6,13,9,1170
hybrid,3,7,13,8,1210
hybrid,3,8,13,7,1200
hybrid,3,9,13,7,1195
hybrid,3,10,14,7,1235
hybrid,3,11,14,7,1230
hybrid,3,12,14,8,1220
hybrid,3,13,14,9,1260
hybrid,3,14,14,10,1250
hybrid,3,15,14,10,1245
hybrid,3,16,15,10,1285
hybrid,3,17,16,10,1275
hybrid,3,18,17,10,1365
hybrid,3,19,17,10,1360
hybrid,3,20,17,9,1450
hybrid,3,21,17,9,1445
hybrid,3,22,16,9,1535
hybrid,3,23,15,9,1525
hybrid,3,24,14,9,1515
hybrid,3,25,13,9,1505
hybrid,3,26,12,9,1495
hybrid,3,27,12,9,1490
hybrid,3,28,12,8,1480
hybrid,3,29,12,7,1520
hybrid,3,30,12,6,1510
hybrid,4,0,10,10,1000
hybrid,4,1,10,9,1090
hybrid,4,2,10,8,1080
hybrid,4,3,10,8,1075
hybrid,4,4,9,8,1115
hybrid,4,5,8,8,1205
hybrid,4,6,7,8,1295
hybrid,4,7,7,8,1290
hybrid,4,8,7,7,1330
hybrid,4,9,7,7,1325
hybrid,4,10,8,7,1365
hybrid,4,11,9,7,1355
hybrid,4,12,10,7,1395
hybrid,4,13,10,7,1390
hybrid,4,14,10,8,1380
hybrid,4,15,10,9,1370
hybrid,4,16,10,10,1360
hybrid,4,17,10,11,1400
hybrid,4,18,10,11,1395
hybrid,4,19,11,11,1485
hybrid,4,20,11,11,1480
hybrid,4,21,11,12,1520
hybrid,4,22,11,13,1560
hybrid,4,23,11,14,1550
hybrid,4,24,11,14,1545
hybrid,4,25,10,14,1585
hybrid,4,26,9,14,1625
hybrid,4,27,8,14,1615
hybrid,4,28,7,14,1655
hybrid,4,29,7,14,1650
hybrid,4,30,7,14,1645
hybrid,5,0,10,10,1000
hybrid,5,1,10,10,995
hybrid,5,2,11,10,1035
hybrid,5,3,12,10,1025
hybrid,5,4,12,10,1020
hybrid,5,5,12,9,1060
hybrid,5,6,12,9,1055
hybrid,5,7,12,9,1050
hybrid,5,8,12,8,1090
hybrid,5,9,12,8,1085
hybrid,5,10,11,8,1125
hybrid,5,11,10,8,1115
hybrid,5,12,10,8,1110
hybrid,5,13,10,7,1100
hybrid,5,14,10,7,1095
hybrid,5,15,11,7,1085
hybrid,5,16,12,7,1075
hybrid,5,17,13,7,1065
hybrid,5,18,14,7,1055
hybrid,5,19,14,7,1050
hybrid,5,20,14,6,1090
hybrid,5,21,14,5,1080
hybrid,5,22,14,4,1120
hybrid,5,23,14,3,1210
hybrid,5,24,14,3,1205
hybrid,5,25,13,3,1295
hybrid,5,26,12,3,1285
hybrid,5,27,11,3,1275
hybrid,5,28,10,3,1365
hybrid,5,29,10,3,1360
hybrid,5,30,10,4,1400
hybrid,6,0,10,10,1000
hybrid,6,1,10,9,990
hybrid,6,2,10,9,985
hybrid,6,3,10,9,980
hybrid,6,4,10,9,975
hybrid,6,5,9,9,1065
hybrid,6,6,8,9,1055
hybrid,6,7,8,9,1050
hybrid,6,8,8,10,1140
hybrid,6,9,8,10,1135
hybrid,6,10,7,10,1225
hybrid,6,11,6,10,1215
hybrid,6,12,5,10,1205
hybrid,6,13,5,10,1200
hybrid,6,14,5,9,1290
hybrid,6,15,5,8,1380
hybrid,6,16,5,8,1375
hybrid,6,17,6,8,1415
hybrid,6,18,7,8,1455
hybrid,6,19,8,8,1445
hybrid,6,20,9,8,1435
hybrid,6,21,10,8,1475
hybrid,6,22,10,8,1470
hybrid,6,23,10,8,1465
hybrid,6,24,11,8,1505
hybrid,6,25,12,8,1545
hybrid,6,26,13,8,1635
hybrid,6,27,13,8,1630
hybrid,6,28,13,7,1620
hybrid,6,29,13,7,1615
hybrid,6,30,12,7,1705
hybrid,7,0,10,10,1000
hybrid,7,1,10,10,995
hybrid,7,2,9,10,1035
hybrid,7,3,9,10,1030
hybrid,7,4,9,9,1070
hybrid,7,5,9,8,1110
hybrid,7,6,9,8,1105
hybrid,7,7,8,8,1095
hybrid,7,8,8,8,1090
hybrid,7,9,8,9,1130
hybrid,7,10,8,9,1125
hybrid,7,11,7,9,1215
hybrid,7,12,7,9,1210
hybrid,7,13,7,9,1205
hybrid,7,14,7,9,1200
hybrid,7,15,7,10,1190
hybrid,7,16,7,10,1185
hybrid,7,17,7,10,1180
hybrid,7,18,7,11,1220
hybrid,7,19,7,11,1215
hybrid,7,20,7,11,1210
hybrid,7,21,7,11,1205
hybrid,7,22,6,11,1195
hybrid,7,23,6,11,1190
hybrid,7,24,6,10,1230
hybrid,7,25,6,10,1225
hybrid,7,26,7,10,1215
hybrid,7,27,8,10,1205
hybrid,7,28,9,10,1195
hybrid,7,29,9,10,1190
hybrid,7,30,9,9,1180
hybrid,8,0,10,10,1000
hybrid,8,1,10,10,995
hybrid,8,2,11,10,1085
hybrid,8,3,11,10,1080
hybrid,8,4,11,9,1120
hybrid,8,5,11,9,1115
hybrid,8,6,11,9,1110
hybrid,8,7,11,9,1105
hybrid,8,8,10,9,1145
hybrid,8,9,9,9,1235
hybrid,8,10,8,9,1225
hybrid,8,11,8,9,1220
hybrid,8,12,8,10,1310
hybrid,8,13,8,10,1305
hybrid,8,14,8,10,1300
hybrid,8,15,8,9,1290
hybrid,8,16,8,8,1330
hybrid,8,17,8,7,1320
hybrid,8,18,8,7,1315
hybrid,8,19,9,7,1355
hybrid,8,20,9,7,1350
hybrid,8,21,9,6,1340
hybrid,8,22,9,6,1335
hybrid,8,23,10,6,1375
hybrid,8,24,11,6,1365
hybrid,8,25,11,6,1360
hybrid,8,26,11,5,1400
hybrid,8,27,11,5,1395
hybrid,8,28,12,5,1385
hybrid,8,29,12,5,1380
hybrid,8,30,12,4,1470
hybrid,9,0,10,10,1000
hybrid,9,1,10,9,1040
hybrid,9,2,10,8,1030
hybrid,9,3,10,7,1020
hybrid,9,4,10,7,1015
hybrid,9,5,11,7,1055
hybrid,9,6,12,7,1045
hybrid,9,7,12,7,1040
hybrid,9,8,12,6,1030
hybrid,9,9,12,5,1070
hybrid,9,10,12,4,1060
hybrid,9,11,12,3,1100
hybrid,9,12,12,3,1095
hybrid,9,13,13,3,1085
hybrid,9,14,14,3,1075
hybrid,9,15,15,3,1065
hybrid,9,16,15,3,1060
hybrid,9,17,15,2,1150
hybrid,9,18,15,2,1145
hybrid,9,19,15,2,1140
hybrid,9,20,15,2,1135
hybrid,9,21,15,2,1130
hybrid,9,22,15,1,1170
hybrid,9,23,15,1,1165
hybrid,9,24,14,1,1255
hybrid,9,25,13,1,1295
hybrid,9,26,12,1,1285
hybrid,9,27,12,1,1280
hybrid,9,28,12,0,1270
hybrid,9,29,12,0,1265
hybrid,9,30,12,0,1260
hybrid,10,0,10,10,1000
hybrid,10,1,10,10,995
hybrid,10,2,10,10,990
hybrid,10,3,10,11,980
hybrid,10,4,10,11,975
hybrid,10,5,9,11,1065
hybrid,10,6,8,11,1055
hybrid,10,7,7,11,1145
hybrid,10,8,6,11,1135
hybrid,10,9,5,11,1175
hybrid,10,10,5,11,1170
hybrid,10,11,5,12,1260
hybrid,10,12,5,13,1250
hybrid,10,13,5,13,1245
hybrid,10,14,5,13,1240
hybrid,10,15,5,14,1230
hybrid,10,16,5,14,1225
hybrid,10,17,5,14,1220
hybrid,10,18,5,13,1210
hybrid,10,19,5,13,1205
hybrid,10,20,4,13,1245
hybrid,10,21,4,13,1240
hybrid,10,22,4,12,1230
hybrid,10,23,4,12,1225
hybrid,10,24,3,12,1265
hybrid,10,25,3,12,1260
hybrid,10,26,3,11,1300
hybrid,10,27,3,10,1340
hybrid,10,28,3,10,1335
hybrid,10,29,4,10,1325
hybrid,10,30,5,10,1315
hybrid,11,0,10,10,1000
hybrid,11,1,10,10,995
hybrid,11,2,9,10,1035
hybrid,11,3,9,10,1030
hybrid,11,4,9,9,1120
hybrid,11,5,9,8,1110
hybrid,11,6,9,8,1105
hybrid,11,7,8,8,1145
hybrid,11,8,8,8,1140
hybrid,11,9,8,7,1130
hybrid,11,10,8,7,1125
hybrid,11,11,7,7,1165
hybrid,11,12,7,7,1160
hybrid,11,13,7,7,1155
hybrid,11,14,7,7,1150
hybrid,11,15,7,6,1190
hybrid,11,16,7,6,1185
hybrid,11,17,7,6,1180
hybrid,11,18,7,7,1170
hybrid,11,19,7,7,1165
hybrid,11,20,7,7,1160
hybrid,11,21,7,6,1150
hybrid,11,22,7,6,1145
hybrid,11,23,7,6,1140
hybrid,11,24,7,7,1130
hybrid,11,25,7,8,1090
hybrid,11,26,7,9,1080
hybrid,11,27,7,9,1075
hybrid,11,28,7,9,1070
hybrid,11,29,7,10,1030
hybrid,11,30,7,11,1120
hybrid,12,0,10,10,1000
hybrid,12,1,10,10,995
hybrid,12,2,11,10,1085
hybrid,12,3,11,10,1080
hybrid,12,4,11,9,1070
hybrid,12,5,11,8,1110
hybrid,12,6,11,7,1150
hybrid,12,7,11,7,1145
hybrid,12,8,12,7,1135
hybrid,12,9,13,7,1175
hybrid,12,10,13,7,1170
hybrid,12,11,13,8,1210
hybrid,12,12,13,9,1200
hybrid,12,13,13,9,1195
hybrid,12,14,12,9,1285
hybrid,12,15,11,9,1275
hybrid,12,16,10,9,1315
hybrid,12,17,9,9,1305
hybrid,12,18,9,9,1300
hybrid,12,19,9,8,1390
hybrid,12,20,9,7,1480
hybrid,12,21,9,7,1475
hybrid,12,22,8,7,1565
hybrid,12,23,8,7,1560
hybrid,12,24,8,6,1550
hybrid,12,25,8,6,1545
hybrid,12,26,7,6,1585
hybrid,12,27,7,6,1580
hybrid,12,28,7,6,1575
hybrid,12,29,6,6,1665
hybrid,12,30,5,6,1705
hybrid,13,0,10,10,1000
hybrid,13,1,10,9,990
hybrid,13,2,10,9,985
hybrid,13,3,9,9,1025
hybrid,13,4,8,9,1065
hybrid,13,5,8,9,1060
hybrid,13,6,8,10,1100
hybrid,13,7,8,10,1095
hybrid,13,8,9,10,1135
hybrid,13,9,9,10,1130
hybrid,13,10,9,10,1125
hybrid,13,11,9,10,1120
hybrid,13,12,9,11,1160
hybrid,13,13,9,11,1155
hybrid,13,14,10,11,1195
hybrid,13,15,10,11,1190
hybrid,13,16,10,12,1180
hybrid,13,17,10,12,1175
hybrid,13,18,11,12,1165
hybrid,13,19,11,12,1160
hybrid,13,20,11,13,1250
hybrid,13,21,11,13,1245
hybrid,13,22,11,13,1240
hybrid,13,23,11,13,1235
hybrid,13,24,12,13,1275
hybrid,13,25,12,13,1270
hybrid,13,26,12,12,1310
hybrid,13,27,12,11,1400
hybrid,13,28,12,10,1390
hybrid,13,29,12,9,1380
hybrid,13,30,12,8,1340
hybrid,14,0,10,10,1000
hybrid,14,1,10,9,1060
hybrid,14,2,10,8,1050
hybrid,14,3,10,7,1040
hybrid,14,4,10,7,1035
hybrid,14,5,10,7,1030
hybrid,14,6,10,7,1025
hybrid,14,7,9,7,1065
hybrid,14,8,9,7,1060
hybrid,14,9,9,7,1055
hybrid,14,10,10,7,1045
hybrid,14,11,11,7,1035
hybrid,14,12,11,7,1030
hybrid,14,13,11,6,1070
hybrid,14,14,11,6,1065
hybrid,14,15,12,6,1105
hybrid,14,16,13,6,1095
hybrid,14,17,14,6,1085
hybrid,14,18,14,6,1080
hybrid,14,19,14,6,1075
hybrid,14,20,15,6,1065
hybrid,14,21,16,6,1055
hybrid,14,22,17,6,1045
hybrid,14,23,17,6,1040
hybrid,14,24,17,5,1130
hybrid,14,25,17,5,1125
hybrid,14,26,17,5,1120
hybrid,14,27,17,5,1115
hybrid,14,28,17,5,1110
hybrid,14,29,17,6,1100
hybrid,14,30,17,6,1095
hybrid,15,0,10,10,1000
hybrid,15,1,10,10,1045
hybrid,15,2,11,10,1085
hybrid,15,3,12,10,1075
hybrid,15,4,13,10,1165
hybrid,15,5,13,10,1160
hybrid,15,6,13,9,1250
hybrid,15,7,13,9,1245
hybrid,15,8,14,9,1335
hybrid,15,9,15,9,1425
hybrid,15,10,16,9,1415
hybrid,15,11,17,9,1405
hybrid,15,12,17,9,1400
hybrid,15,13,17,8,1390
hybrid,15,14,17,8,1385
hybrid,15,15,17,8,1380
hybrid,15,16,17,8,1375
hybrid,15,17,18,8,1365
hybrid,15,18,19,8,1405
hybrid,15,19,20,8,1495
hybrid,15,20,20,8,1490
hybrid,15,21,20,9,1480
hybrid,15,22,20,9,1475
hybrid,15,23,19,9,1515
hybrid,15,24,19,9,1510
hybrid,15,25,19,8,1500
hybrid,15,26,19,8,1495
hybrid,15,27,19,8,1490
hybrid,15,28,19,9,1480
hybrid,15,29,19,10,1470
hybrid,15,30,19,11,1560
hybrid,16,0,10,10,1000
hybrid,16,1,10,10,995
hybrid,16,2,10,10,990
hybrid,16,3,10,10,985
hybrid,16,4,9,10,1025
hybrid,16,5,9,10,1020
hybrid,16,6,9,9,1110
hybrid,16,7,9,8,1150
hybrid,16,8,9,8,1145
hybrid,16,9,10,8,1135
hybrid,16,10,11,8,1125
hybrid,16,11,12,8,1165
hybrid,16,12,13,8,1255
hybrid,16,13,13,8,1250
hybrid,16,14,13,8,1245
hybrid,16,15,14,8,1285
hybrid,16,16,14,8,1280
hybrid,16,17,14,9,1370
hybrid,16,18,14,10,1360
hybrid,16,19,14,10,1355
hybrid,16,20,15,10,1445
hybrid,16,21,16,10,1485
hybrid,16,22,17,10,1575
hybrid,16,23,18,10,1535
hybrid,16,24,19,10,1625
hybrid,16,25,20,10,1615
hybrid,16,26,20,10,1610
hybrid,16,27,20,9,1600
hybrid,16,28,20,9,1595
hybrid,16,29,19,9,1685
hybrid,16,30,19,9,1680
hybrid,17,0,10,10,1000
hybrid,17,1,10,10,995
hybrid,17,2,11,10,985
hybrid,17,3,11,10,980
hybrid,17,4,11,11,1020
hybrid,17,5,11,11,1015
hybrid,17,6,10,11,1105
hybrid,17,7,9,11,1195
hybrid,17,8,8,11,1185
hybrid,17,9,7,11,1175
hybrid,17,10,7,11,1170
hybrid,17,11,7,12,1260
hybrid,17,12,7,13,1150
hybrid,17,13,7,13,1145
hybrid,17,14,7,13,1140
hybrid,17,15,7,12,1130
hybrid,17,16,7,11,1120
hybrid,17,17,7,11,1115
hybrid,17,18,8,11,1105
hybrid,17,19,9,11,1095
hybrid,17,20,10,11,1085
hybrid,17,21,11,11,1075
hybrid,17,22,11,11,1070
hybrid,17,23,11,11,1065
hybrid,17,24,12,11,1105
hybrid,17,25,13,11,1095
hybrid,17,26,14,11,1085
hybrid,17,27,15,11,1125
hybrid,17,28,15,11,1120
hybrid,17,29,15,11,1115
hybrid,17,30,15,11,1110
hybrid,18,0,10,10,1000
hybrid,18,1,10,10,995
hybrid,18,2,11,10,1035
hybrid,18,3,11,10,1030
hybrid,18,4,11,10,1025
hybrid,18,5,11,10,1020
hybrid,18,6,11,9,1060
hybrid,18,7,11,8,1050
hybrid,18,8,11,7,1040
hybrid,18,9,11,7,1035
hybrid,18,10,12,7,1075
hybrid,18,11,12,7,1070
hybrid,18,12,12,6,1060
hybrid,18,13,12,5,1050
hybrid,18,14,12,5,1045
hybrid,18,15,13,5,1035
hybrid,18,16,13,5,1030
hybrid,18,17,13,4,1020
hybrid,18,18,13,3,1060
hybrid,18,19,13,3,1055
hybrid,18,20,12,3,1145
hybrid,18,21,11,3,1235
hybrid,18,22,11,3,1230
hybrid,18,23,11,3,1225
hybrid,18,24,12,3,1215
hybrid,18,25,13,3,1205
hybrid,18,26,14,3,1245
hybrid,18,27,15,3,1235
hybrid,18,28,15,3,1230
hybrid,18,29,15,4,1320
hybrid,18,30,15,4,1315
hybrid,19,0,10,10,1000
hybrid,19,1,10,9,1040
hybrid,19,2,10,9,1035
hybrid,19,3,9,9,1125
hybrid,19,4,8,9,1115
hybrid,19,5,8,9,1110
hybrid,19,6,8,8,1150
hybrid,19,7,8,8,1145
hybrid,19,8,8,8,1140
hybrid,19,9,8,8,1135
hybrid,19,10,7,8,1225
hybrid,19,11,7,8,1220
hybrid,19,12,7,8,1215
hybrid,19,13,7,8,1210
hybrid,19,14,7,7,1250
hybrid,19,15,7,6,1290
hybrid,19,16,7,5,1380
hybrid,19,17,7,4,1370
hybrid,19,18,7,3,1410
hybrid,19,19,7,3,1405
hybrid,19,20,8,3,1445
hybrid,19,21,9,3,1435
hybrid,19,22,10,3,1425
hybrid,19,23,10,3,1420
hybrid,19,24,10,2,1410
hybrid,19,25,10,1,1400
hybrid,19,26,10,1,1395
hybrid,19,27,11,1,1435
hybrid,19,28,12,1,1425
hybrid,19,29,13,1,1415
hybrid,19,30,13,1,1410
hybrid,20,0,10,10,1000
hybrid,20,1,10,9,1040
hybrid,20,2,10,9,1035
hybrid,20,3,10,9,1030
hybrid,20,4,10,9,1025
hybrid,20,5,9,9,1115
hybrid,20,6,8,9,1105
hybrid,20,7,7,9,1195
hybrid,20,8,6,9,1185
hybrid,20,9,6,9,1180
hybrid,20,10,6,10,1270
hybrid,20,11,6,11,1310
hybrid,20,12,6,11,1305
hybrid,20,13,5,11,1295
hybrid,20,14,4,11,1335
hybrid,20,15,4,11,1330
hybrid,20,16,4,11,1325
hybrid,20,17,4,11,1320
hybrid,20,18,4,12,1410
hybrid,20,19,4,13,1400
hybrid,20,20,4,13,1395
hybrid,20,21,5,13,1435
hybrid,20,22,6,13,1525
hybrid,20,23,7,13,1515
hybrid,20,24,7,13,1510
hybrid,20,25,7,13,1505
hybrid,20,26,7,13,1500
hybrid,20,27,7,12,1540
hybrid,20,28,7,11,1530
hybrid,20,29,7,11,1525
hybrid,20,30,8,11,1515
hybrid,21,0,10,10,1000
hybrid,21,1,10,9,1190
hybrid,21,2,10,9,1185
hybrid,21,3,9,9,1225
hybrid,21,4,9,9,1220
hybrid,21,5,9,9,1215
hybrid,21,6,10,9,1205
hybrid,21,7,11,9,1245
hybrid,21,8,11,9,1240
hybrid,21,9,11,8,1230
hybrid,21,10,11,8,1225
hybrid,21,11,11,8,1220
hybrid,21,12,11,9,1210
hybrid,21,13,11,10,1200
hybrid,21,14,11,11,1240
hybrid,21,15,11,12,1330
hybrid,21,16,11,12,1325
hybrid,21,17,11,12,1320
hybrid,21,18,11,12,1315
hybrid,21,19,10,12,1355
hybrid,21,20,9,12,1395
hybrid,21,21,9,12,1390
hybrid,21,22,9,11,1430
hybrid,21,23,9,11,1425
hybrid,21,24,10,11,1465
hybrid,21,25,11,11,1455
hybrid,21,26,12,11,1445
hybrid,21,27,13,11,1435
hybrid,21,28,14,11,1425
hybrid,21,29,15,11,1465
hybrid,21,30,15,11,1460
hybrid,22,0,10,10,1000
hybrid,22,1,10,9,1040
hybrid,22,2,10,8,1030
hybrid,22,3,10,7,1020
hybrid,22,4,10,7,1015
hybrid,22,5,11,7,975
hybrid,22,6,12,7,965
hybrid,22,7,13,7,955
hybrid,22,8,13,7,950
hybrid,22,9,13,6,940
hybrid,22,10,13,5,980
hybrid,22,11,13,4,1070
hybrid,22,12,13,3,1060
hybrid,22,13,13,2,1100
hybrid,22,14,13,1,1090
hybrid,22,15,13,0,1080
hybrid,22,16,13,0,1075
hybrid,22,17,14,0,1065
hybrid,22,18,14,0,1060
hybrid,22,19,14,0,1055
hybrid,22,20,13,0,1045
hybrid,22,21,13,0,1040
hybrid,22,22,13,0,1035
hybrid,22,23,14,0,1025
hybrid,22,24,15,0,1015
hybrid,22,25,16,0,1005
hybrid,22,26,17,0,995
hybrid,22,27,18,0,985
hybrid,22,28,19,0,975
hybrid,22,29,19,0,970
hybrid,22,30,19,0,965
hybrid,23,0,10,10,1000
hybrid,23,1,10,9,890
hybrid,23,2,10,8,880
hybrid,23,3,10,8,875
hybrid,23,4,10,8,870
hybrid,23,5,10,8,865
hybrid,23,6,10,8,860
hybrid,23,7,10,8,855
hybrid,23,8,10,8,850
hybrid,23,9,10,8,845
hybrid,23,10,9,8,885
hybrid,23,11,9,8,880
hybrid,23,12,9,7,970
hybrid,23,13,9,6,1010
hybrid,23,14,9,6,1005
hybrid,23,15,8,6,995
hybrid,23,16,8,6,990
hybrid,23,17,8,5,1080
hybrid,23,18,8,5,1075
hybrid,23,19,8,5,1070
hybrid,23,20,8,4,1060
hybrid,23,21,8,3,1050
hybrid,23,22,8,2,1140
hybrid,23,23,8,2,1135
hybrid,23,24,8,2,1130
hybrid,23,25,8,1,1170
hybrid,23,26,8,1,1165
hybrid,23,27,9,1,1255
hybrid,23,28,10,1,1245
hybrid,23,29,10,1,1240
hybrid,23,30,10,2,1130
hybrid,24,0,10,10,1000
hybrid,24,1,10,9,1090
hybrid,24,2,10,9,1085
hybrid,24,3,11,9,1075
hybrid,24,4,11,9,1070
hybrid,24,5,11,8,1160
hybrid,24,6,11,7,1250
hybrid,24,7,11,6,1290
hybrid,24,8,11,6,1285
hybrid,24,9,10,6,1275
hybrid,24,10,9,6,1265
hybrid,24,11,8,6,1155
hybrid,24,12,8,6,1150
hybrid,24,13,8,5,1190
hybrid,24,14,8,5,1185
hybrid,24,15,9,5,1175
hybrid,24,16,10,5,1165
hybrid,24,17,11,5,1155
hybrid,24,18,12,5,1145
hybrid,24,19,12,5,1140
hybrid,24,20,12,4,1130
hybrid,24,21,12,4,1125
hybrid,24,22,13,4,1165
hybrid,24,23,13,4,1160
hybrid,24,24,13,4,1155
hybrid,24,25,13,4,1150
hybrid,24,26,13,3,1190
hybrid,24,27,13,2,1230
hybrid,24,28,13,1,1270
hybrid,24,29,13,1,1265
hybrid,24,30,14,1,1255
hybrid,25,0,10,10,1000
hybrid,25,1,10,10,895
hybrid,25,2,9,10,935
hybrid,25,3,8,10,925
hybrid,25,4,8,10,920
hybrid,25,5,8,10,915
hybrid,25,6,8,10,910
hybrid,25,7,8,11,950
hybrid,25,8,8,12,1040
hybrid,25,9,8,13,1030
hybrid,25,10,8,13,1025
hybrid,25,11,8,13,1020
hybrid,25,12,8,13,1015
hybrid,25,13,8,13,1010
hybrid,25,14,8,13,1005
hybrid,25,15,9,13,1095
hybrid,25,16,9,13,1090
hybrid,25,17,9,13,1085
hybrid,25,18,9,13,1080
hybrid,25,19,9,13,1075
hybrid,25,20,9,13,1070
hybrid,25,21,9,14,1110
hybrid,25,22,9,14,1105
hybrid,25,23,10,14,1145
hybrid,25,24,10,14,1140
hybrid,25,25,10,15,1230
hybrid,25,26,10,15,1225
hybrid,25,27,11,15,1265
hybrid,25,28,12,15,1225
hybrid,25,29,12,15,1220
hybrid,25,30,12,16,1210
hybrid,26,0,10,10,1000
hybrid,26,1,10,9,1040
hybrid,26,2,10,8,1030
hybrid,26,3,10,7,1120
hybrid,26,4,10,7,1115
hybrid,26,5,9,7,1155
hybrid,26,6,9,7,1150
hybrid,26,7,9,8,1190
hybrid,26,8,9,9,1180
hybrid,26,9,9,9,1175
hybrid,26,10,8,9,1165
hybrid,26,11,8,9,1160
hybrid,26,12,8,10,1150
hybrid,26,13,8,11,1140
hybrid,26,14,8,12,1180
hybrid,26,15,8,13,1170
hybrid,26,16,8,14,1210
hybrid,26,17,8,15,1170
hybrid,26,18,8,16,1260
hybrid,26,19,8,17,1350
hybrid,26,20,8,17,1345
hybrid,26,21,8,17,1340
hybrid,26,22,8,17,1335
hybrid,26,23,9,17,1425
hybrid,26,24,10,17,1465
hybrid,26,25,10,17,1460
hybrid,26,26,10,16,1500
hybrid,26,27,10,15,1540
hybrid,26,28,10,15,1535
hybrid,26,29,11,15,1625
hybrid,26,30,11,15,1620
hybrid,27,0,10,10,1000
hybrid,27,1,10,10,1045
hybrid,27,2,9,10,1135
hybrid,27,3,9,10,1130
hybrid,27,4,9,9,1170
hybrid,27,5,9,9,1165
hybrid,27,6,10,9,1155
hybrid,27,7,10,9,1150
hybrid,27,8,10,8,1240
hybrid,27,9,10,8,1235
hybrid,27,10,11,8,1225
hybrid,27,11,12,8,1265
hybrid,27,12,13,8,1305
hybrid,27,13,13,8,1300
hybrid,27,14,13,7,1340
hybrid,27,15,13,7,1335
hybrid,27,16,14,7,1325
hybrid,27,17,14,7,1320
hybrid,27,18,14,7,1315
hybrid,27,19,14,7,1310
hybrid,27,20,14,7,1305
hybrid,27,21,14,7,1300
hybrid,27,22,14,6,1390
hybrid,27,23,14,5,1380
hybrid,27,24,14,4,1420
hybrid,27,25,14,4,1415
hybrid,27,26,13,4,1505
hybrid,27,27,13,4,1500
hybrid,27,28,13,5,1540
hybrid,27,29,13,5,1535
hybrid,27,30,12,5,1525
hybrid,28,0,10,10,1000
hybrid,28,1,10,10,995
hybrid,28,2,11,10,1085
hybrid,28,3,12,10,1125
hybrid,28,4,12,10,1120
hybrid,28,5,12,10,1115
hybrid,28,6,11,10,1105
hybrid,28,7,10,10,1095
hybrid,28,8,9,10,1135
hybrid,28,9,9,10,1130
hybrid,28,10,9,9,1170
hybrid,28,11,9,9,1165
hybrid,28,12,10,9,1205
hybrid,28,13,10,9,1200
hybrid,28,14,10,9,1195
hybrid,28,15,10,9,1190
hybrid,28,16,10,10,1180
hybrid,28,17,10,11,1220
hybrid,28,18,10,12,1210
hybrid,28,19,10,13,1200
hybrid,28,20,10,14,1240
hybrid,28,21,10,15,1280
hybrid,28,22,10,15,1275
hybrid,28,23,11,15,1365
hybrid,28,24,12,15,1325
hybrid,28,25,13,15,1365
hybrid,28,26,14,15,1355
hybrid,28,27,15,15,1345
hybrid,28,28,16,15,1335
hybrid,28,29,16,15,1330
hybrid,28,30,16,14,1370
hybrid,29,0,10,10,1000
hybrid,29,1,10,9,960
hybrid,29,2,10,8,1050
hybrid,29,3,10,8,1045
hybrid,29,4,11,8,1085
hybrid,29,5,12,8,1125
hybrid,29,6,12,8,1120
hybrid,29,7,12,7,1160
hybrid,29,8,12,6,1120
hybrid,29,9,12,5,1110
hybrid,29,10,12,4,1200
hybrid,29,11,12,3,1240
hybrid,29,12,12,3,1235
hybrid,29,13,12,3,1230
hybrid,29,14,12,3,1225
hybrid,29,15,12,3,1220
hybrid,29,16,12,4,1210
hybrid,29,17,12,5,1200
hybrid,29,18,12,5,1195
hybrid,29,19,13,5,1235
hybrid,29,20,14,5,1275
hybrid,29,21,15,5,1265
hybrid,29,22,15,5,1260
hybrid,29,23,15,5,1255
hybrid,29,24,15,5,1250
hybrid,29,25,15,5,1245
hybrid,29,26,16,5,1285
hybrid,29,27,16,5,1280
hybrid,29,28,16,4,1270
hybrid,29,29,16,4,1265
hybrid,29,30,17,4,1355
